{
  "Identity": 5420,
  "Cache": true,
  "JsonData": "{\r\n  \"_IDNUM_ShapeBase\": 48470,\r\n  \"_IDNUM_MountCondition\": 48470,\r\n  \"IDNUM\": 35238,\r\n  \"NAME\": \"C01005\",\r\n  \"LNAME\": \"Default\",\r\n  \"General\": {\r\n    \"PhysicalClass\": 1,\r\n    \"FunctionClass\": 2,\r\n    \"C\": \"01005\",\r\n    \"C2\": \"\",\r\n    \"MFR\": \"\",\r\n    \"MPN\": \"\",\r\n    \"NoArrange\": 0,\r\n    \"SL\": \"\",\r\n    \"MSD\": 0,\r\n    \"NoPolarity\": 0,\r\n    \"Round\": 0,\r\n    \"Proved\": 0,\r\n    \"Teach\": 1,\r\n    \"RankMount\": 0,\r\n    \"NPI\": 0\r\n  },\r\n  \"Shape\": {\r\n    \"Outline\": {\r\n      \"ChipL\": 0.4,\r\n      \"ChipW\": 0.21,\r\n      \"ChipH\": 0.2\r\n    },\r\n    \"ShapePol\": {\r\n      \"_IDNUM_ShapePol\": 48470,\r\n      \"Pol\": 3,\r\n      \"PolMark\": 1,\r\n      \"PCx\": 0.0,\r\n      \"PCy\": 0.0,\r\n      \"PDx\": 0.0,\r\n      \"PDy\": 0.0\r\n    },\r\n    \"ShapeElement\": {\r\n      \"_IDNUM_ShapeBaseShape\": 48470,\r\n      \"Mold\": [\r\n        {\r\n          \"IDNUM\": 1,\r\n          \"_IDNUM_ShapeMold1\": 48471,\r\n          \"Col\": 0,\r\n          \"Shape\": 0,\r\n          \"Dx\": 0.4,\r\n          \"Dy\": 0.21,\r\n          \"Cx\": 0.0,\r\n          \"Cy\": 0.0\r\n        }\r\n      ],\r\n      \"LeadGroup\": [\r\n        {\r\n          \"IDNUM\": 1,\r\n          \"_IDNUM_ShapeLeadGroup1\": 93690,\r\n          \"LType\": 1,\r\n          \"LSect\": 1,\r\n          \"N\": 1,\r\n          \"P\": 0.0,\r\n          \"W\": 0.21,\r\n          \"L\": 0.05,\r\n          \"T\": 0.0,\r\n          \"Cx\": 0.2,\r\n          \"Cy\": 0.0,\r\n          \"RegistPosChk\": {\r\n            \"PosChk\": 0\r\n          }\r\n        },\r\n        {\r\n          \"IDNUM\": 2,\r\n          \"_IDNUM_ShapeLeadGroup2\": 93691,\r\n          \"LType\": 1,\r\n          \"LSect\": 1,\r\n          \"N\": 1,\r\n          \"P\": 0.0,\r\n          \"W\": 0.21,\r\n          \"L\": 0.05,\r\n          \"T\": 180.0,\r\n          \"Cx\": -0.2,\r\n          \"Cy\": 0.0,\r\n          \"RegistPosChk\": {\r\n            \"PosChk\": 0\r\n          }\r\n        }\r\n      ]\r\n    }\r\n  },\r\n  \"Supply\": {\r\n    \"Feeder\": {\r\n      \"PACK\": 0,\r\n      \"NR\": 10000,\r\n      \"REELTYPECHG\": 0,\r\n      \"FEEDLENCHG\": 0,\r\n      \"SSIZE\": 0,\r\n      \"AdhCoverTape\": 0,\r\n      \"FeederTypes\": [\r\n        302181,\r\n        302501,\r\n        337581,\r\n        338381,\r\n        350961\r\n      ],\r\n      \"TapeEnd\": 0\r\n    }\r\n  },\r\n  \"SMT\": {\r\n    \"Nozzle\": [\r\n      \"256\"\r\n    ],\r\n    \"Recognition\": {\r\n      \"Camera\": 0,\r\n      \"RCGSP\": 1,\r\n      \"RZ\": 0.0,\r\n      \"LampMode\": 2,\r\n      \"NPMLMP\": 0,\r\n      \"MRECA\": 0,\r\n      \"ScanCount\": 0,\r\n      \"RcgTime\": 0.0,\r\n      \"IdealRcgTime\": 0.0,\r\n      \"TMFLAG\": 1,\r\n      \"TMTIMING\": 1,\r\n      \"HMAX\": 0.04,\r\n      \"HMIN\": -0.04,\r\n      \"LMP\": {\r\n        \"Shadow\": 0,\r\n        \"Direct\": 0,\r\n        \"BGA\": 0,\r\n        \"PIP\": 0,\r\n        \"Coaxial\": 0\r\n      },\r\n      \"LMP2\": {\r\n        \"Shadow\": 0,\r\n        \"Direct\": 0,\r\n        \"BGA\": 0,\r\n        \"PIP\": 0,\r\n        \"Coaxial\": 0,\r\n        \"Medium\": 0\r\n      }\r\n    },\r\n    \"PickUp\": {\r\n      \"TUPX\": 0.0,\r\n      \"TUPY\": 0.0,\r\n      \"TUPZ\": 0.0,\r\n      \"A\": 0.0,\r\n      \"TSPD\": 80,\r\n      \"TUPT\": 3,\r\n      \"TGAP\": 0.0,\r\n      \"VSEL\": 1,\r\n      \"VSEL2\": 1,\r\n      \"STEPTUP\": 0,\r\n      \"STEPTUPSTR\": 0.0,\r\n      \"STEPTUPUP\": 0,\r\n      \"STEPTUPUPSTR\": 0.0,\r\n      \"TkupTeach\": 1,\r\n      \"TkupTeach2\": 0,\r\n      \"TkupLearn\": 0,\r\n      \"TkupTol\": 0.0,\r\n      \"HMFLAG\": 1,\r\n      \"HMFLAG2\": 0,\r\n      \"HSensorHMFLAG\": 0,\r\n      \"HMGAP\": 0.0,\r\n      \"NoSimTkup\": 0,\r\n      \"AdTkupBfrInspect\": 0,\r\n      \"SingleTkupPerTurn\": 0\r\n    },\r\n    \"Mount\": {\r\n      \"MSPD\": 80,\r\n      \"MSPDR\": 0,\r\n      \"MNTT\": 3,\r\n      \"MGAP\": 0.3,\r\n      \"VSMC\": 0,\r\n      \"VSMC2\": 0,\r\n      \"LOAD\": 2.5,\r\n      \"VhsHeadLOAD\": 0,\r\n      \"STEPMNT\": 0,\r\n      \"STEPMNTSTR\": 0.0,\r\n      \"STEPMNTSPD\": 0,\r\n      \"STEPMNTUP\": 0,\r\n      \"STEPMNTUPSTR\": 0.0,\r\n      \"STEPMNTUPSPD\": 0,\r\n      \"BlowTimeSetting\": 0,\r\n      \"BlowTime\": 20,\r\n      \"ThDMntGap\": 0.0,\r\n      \"MNTNUMMNG\": 0,\r\n      \"WaitBeforeMnt\": 0,\r\n      \"RankEmptyMargin\": 50,\r\n      \"BfrMntInspect\": 0,\r\n      \"HdInsDet\": 0,\r\n      \"LMax\": 1.0\r\n    },\r\n    \"Retry\": {\r\n      \"RETRY\": 1,\r\n      \"RETRYCOUNT\": 0,\r\n      \"RETRYCOUNT2\": 1,\r\n      \"ESTOP\": 1,\r\n      \"ESTOPCOUNT\": 1\r\n    },\r\n    \"Reject\": {\r\n      \"ThrowAway\": 0,\r\n      \"SZ\": 0.0\r\n    },\r\n    \"Tape\": {\r\n      \"FS\": 2,\r\n      \"PreSend\": 0,\r\n      \"SpliceFlag\": 0,\r\n      \"SpliceLength\": 0,\r\n      \"SpliceDetectRemain\": 0.0,\r\n      \"JointChkRemain\": 0.0,\r\n      \"JointUnpassedRemain\": 0.0,\r\n      \"SFeedLength\": 0,\r\n      \"SplicePosAction\": 0,\r\n      \"FEEDLIMIT\": 0\r\n    },\r\n    \"FLUX\": {\r\n      \"Flux\": 0,\r\n      \"FLUXR\": 0,\r\n      \"Fluxload\": 2.5,\r\n      \"STZ\": 0.0,\r\n      \"SQGAP\": 0.015,\r\n      \"STTIME\": 150,\r\n      \"STSPD\": 100\r\n    }\r\n  },\r\n  \"CM/DT\": {\r\n    \"_IDNUM_ChipData\": 48421,\r\n    \"NAME\": \"01005\",\r\n    \"Nozzle\": [\r\n      \"205\",\r\n      \"206\",\r\n      \"225\",\r\n      \"226\"\r\n    ],\r\n    \"ChipData\": {\r\n      \"L\": 0.6,\r\n      \"W\": 0.3,\r\n      \"T\": 0.3,\r\n      \"MAXL\": 0.6,\r\n      \"MAXW\": 0.3,\r\n      \"KIND\": 2,\r\n      \"PACK\": -90\r\n    },\r\n    \"Recognition\": {\r\n      \"RCGSP\": 1,\r\n      \"REF\": 56,\r\n      \"RZ\": 0.0,\r\n      \"MRECA\": 0,\r\n      \"LSA\": 0.0,\r\n      \"LSB\": 0.0,\r\n      \"LSC\": 0.0,\r\n      \"LSD\": 0.0,\r\n      \"TMFLAG\": 0,\r\n      \"HMAX\": 0.04,\r\n      \"LMFLAG\": 0,\r\n      \"LMP\": {\r\n        \"Shadow\": 0,\r\n        \"Direct\": 0,\r\n        \"BGA\": 0,\r\n        \"FC1\": 0,\r\n        \"FC2\": 0,\r\n        \"Reserve\": 0\r\n      }\r\n    },\r\n    \"PickUp\": {\r\n      \"TUPX\": 0.0,\r\n      \"TUPY\": 0.0,\r\n      \"TUPZ\": 0.0,\r\n      \"A\": 0.0,\r\n      \"TSPD\": 100,\r\n      \"TUPT\": 3,\r\n      \"TGAP\": -0.05,\r\n      \"MVSEL\": 1,\r\n      \"HVSEL\": 0,\r\n      \"HMFLAG\": 0,\r\n      \"HMGAP\": 0.0\r\n    },\r\n    \"Mount\": {\r\n      \"MSPD\": 100,\r\n      \"MNTT\": 3,\r\n      \"MGAP\": 0.3,\r\n      \"MZ\": 0.0,\r\n      \"LOAD\": 2.5\r\n    },\r\n    \"Retry\": {\r\n      \"RETRY\": 3\r\n    },\r\n    \"Reject\": {\r\n      \"SZ\": 0.0\r\n    },\r\n    \"Tape\": {\r\n      \"FS\": 3\r\n    },\r\n    \"FLUX\": {\r\n      \"Flux\": 0,\r\n      \"Fluxload\": 2.5,\r\n      \"STZ\": 0.0,\r\n      \"SQGAP\": 0.015,\r\n      \"STTIME\": 150,\r\n      \"STSPD\": 100\r\n    }\r\n  },\r\n  \"Created\": \"2025-03-21T12:00:19.7860514+08:00\",\r\n  \"Updated\": \"2025-03-21T12:00:19.7860514+08:00\"\r\n}",
  "IDNUM": 35238,
  "NAME": "C01005",
  "C": "01005",
  "SupplyType": "E0802_S",
  "ChipL": 0.4,
  "ChipW": 0.21,
  "ChipH": 0.2,
  "NozzleList": "256",
  "LNAME": "Line345678-JH",
  "Teach": 1,
  "PhysicalClass": 1,
  "FunctionClass": 2,
  "LampMode": 2,
  "TSPD": 80,
  "MSPD": 80,
  "TUPT": 3,
  "MNTT": 3,
  "Camera": 0,
  "RCGSP": 1,
  "RZ": 0,
  "ScanCount": 0,
  "MRECA": false,
  "TGAP": 0,
  "MGAP": 0.3,
  "HMFLAG": true,
  "HSensorHMFLAG": false,
  "ThDMntGap": 0,
  "A": 0,
  "NoSimTkup": false,
  "STEPTUP": false,
  "STEPTUPUP": false,
  "TkupLearn": false,
  "TkupTol": 0,
  "AdTkupBfrInspect": false,
  "LOAD": 2.5,
  "STEPMNT": false,
  "STEPMNTUP": false,
  "ThrowAway": 0,
  "RankEmptyMargin": 50,
  "ESTOP": 1,
  "RETRYCOUNT": 0,
  "RETRYCOUNT2": 1,
  "ESTOPCOUNT": 1,
  "TMFLAG": true,
  "HMAX": 0.04,
  "HMIN": -0.04,
  "TMTIMING": true,
  "PreSend": false,
  "TkupTeach": true,
  "FS": 2,
  "SplicePosAction": 0,
  "SZ": 0,
  "RSP": null,
  "HSP": null,
  "RECOG": null,
  "Flux": false,
  "STZ": 0,
  "SQGAP": 0.015,
  "STSPD": 100,
  "STTIME": 150,
  "FLUXR": 0,
  "Check": null,
  "SFeedLength": 0,
  "WaitBeforeMnt": 0,
  "VhsHeadLOAD": 0,
  "VSMC": false,
  "HasSupplyType": true,
  "HasInsertion": false,
  "HasInspection": false,
  "HasLCR": "0",
  "HasPartsBarcode": false,
  "Proved": false,
  "C2": "",
  "IsDefined": true,
  "HMFLAG2": false,
  "TUPX": 0,
  "TUPY": 0,
  "TUPZ": 0,
  "TkupTeach2": false,
  "Created": "\/Date(1742529619787)\/",
  "Updated": "\/Date(1742529619787)\/",
  "NPI": false,
  "FeederConfigID": 302181,
  "NoPolarity": false,
  "RETRY": 1,
  "BrightnessCheckCount": 0,
  "RotationCheck": "0.000,0.000",
  "HasDispense": false,
  "CenterPositionCheck": "0.000, 0.000, 0.000, 0.000",
  "LabelList": "",
  "F": "0.000,0.000,0.000,0.000",
  "TapeKind": "凸点",
  "TapeWidth": "8",
  "FeederPitch": "2",
  "ReelSize": "小(180mm)",
  "HasCMDT": "",
  "BrightnessCheck": 0,
  "BrightnessCheckWindow": "",
  "SupplyID": 0,
  "Group": null,
  "MPN": "",
  "MFR": "",
  "HasNPMDispense": false,
  "HasSPDispense": false,
  "DownloadedState": null,
  "HasPRU": null,
  "CadSystem1Rotation": null,
  "CadSystem2Rotation": null,
  "CadSystem3Rotation": null,
  "CadSystem4Rotation": null,
  "CadSystem1Status": null,
  "CadSystem2Status": null,
  "CadSystem3Status": null,
  "CadSystem4Status": null,
  "Fluxload": 2.5,
  "VSEL": true,
  "CalcPickUpOffset": "0.000, 0.000, 0.000",
  "NR": "10000",
  "SupplyDirection": 0,
  "REF": null,
  "CalcLMPOffset": "0, 0, 0, 0",
  "SupplyKind": 0,
  "HasWafer": false,
  "CalcHMGAP": "0.000",
  "IsSupplyIncomplete": false,
  "LineName": null,
  "PPDDownloaded": null
}