{
  "padPitch": [
    {
      "ComPac": "0201",
      "MinPitch": 0.15,
      "MaxPitch": 0.29,
      "YMHPAC": 591,
      "YMHPAR": 590,
      "PanaPAC": "0201C",
      "PanaPAR": "0201R"
    },
    {
      "ComPac": "0402",
      "MinPitch": 0.25,
      "MaxPitch": 0.5,
      "YMHPAC": 510,
      "YMHPAR": 500,
      "PanaPAC": "0402C",
      "PanaPAR": "0402R"
    },
    {
      "ComPac": "0603",
      "MinPitch": 0.4,
      "MaxPitch": 0.9,
      "YMHPAC": 511,
      "YMHPAR": 501,
      "PanaPAC": "0603C",
      "PanaPAR": "0603R"
    },
    {
      "ComPac": "0805",
      "MinPitch": 0.6,
      "MaxPitch": 1.2,
      "YMHPAC": 512,
      "YMHPAR": 502,
      "PanaPAC": "0805C",
      "PanaPAR": "0805R"
    },
    {
      "ComPac": "1206",
      "MinPitch": 1.2,
      "MaxPitch": 2.0,
      "YMHPAC": 513,
      "YMHPAR": 503,
      "PanaPAC": "1206C",
      "PanaPAR": "1206R"
    },
    {
      "ComPac": "1210",
      "MinPitch": 1.6,
      "MaxPitch": 2.3,
      "YMHPAC": 514,
      "YMHPAR": 504,
      "PanaPAC": "1210C",
      "PanaPAR": "1210R"
    },
    {
      "ComPac": "1218",
      "MinPitch": 1.6,
      "MaxPitch": 2.3,
      "YMHPAC": 515,
      "YMHPAR": 505,
      "PanaPAC": "1218C",
      "PanaPAR": "1218R"
    },
    {
      "ComPac": "1812",
      "MinPitch": 2.8,
      "MaxPitch": 3.5,
      "YMHPAC": 515,
      "YMHPAR": 505,
      "PanaPAC": "1812C",
      "PanaPAR": "1812R"
    },
    {
      "ComPac": "2010",
      "MinPitch": 3.3,
      "MaxPitch": 4.0,
      "YMHPAC": -1,
      "YMHPAR": -1,
      "PanaPAC": "2010C",
      "PanaPAR": "2010R"
    },
    {
      "ComPac": "2510",
      "MinPitch": 4.2,
      "MaxPitch": 5.0,
      "YMHPAC": -1,
      "YMHPAR": -1,
      "PanaPAC": "2510C",
      "PanaPAR": "2510R"
    },
    {
      "ComPac": "2512",
      "MinPitch": 3.8,
      "MaxPitch": 4.5,
      "YMHPAC": -1,
      "YMHPAR": -1,
      "PanaPAC": "2512C",
      "PanaPAR": "2512R"
    },
    {
      "ComPac": "3920",
      "MinPitch": 5.3,
      "MaxPitch": 5.8,
      "YMHPAC": -1,
      "YMHPAR": -1,
      "PanaPAC": "3920C",
      "PanaPAR": "3920R"
    }
  ]
}
