{
  "Identity": 360,
  "Cache": true,
  "JsonData": "{\r\n  \"_IDNUM_ShapeBase\": 11,\r\n  \"_IDNUM_MountCondition\": 11,\r\n  \"IDNUM\": 90,\r\n  \"NAME\": \"R0603\",\r\n  \"LNAME\": \"Default\",\r\n  \"General\": {\r\n    \"PhysicalClass\": 1,\r\n    \"FunctionClass\": 1,\r\n    \"C\": \"\",\r\n    \"C2\": \"\",\r\n    \"MFR\": \"\",\r\n    \"MPN\": \"\",\r\n    \"NoArrange\": 0,\r\n    \"SL\": \"\",\r\n    \"MSD\": 0,\r\n    \"NoPolarity\": 1,\r\n    \"Round\": 0,\r\n    \"Proved\": 0,\r\n    \"Teach\": 2,\r\n    \"RankMount\": 0,\r\n    \"NPI\": 0\r\n  },\r\n  \"Shape\": {\r\n    \"Outline\": {\r\n      \"ChipL\": 1.6,\r\n      \"ChipW\": 0.8,\r\n      \"ChipH\": 0.45\r\n    },\r\n    \"ShapePol\": {\r\n      \"_IDNUM_ShapePol\": 11,\r\n      \"Pol\": 3,\r\n      \"PolMark\": 1,\r\n      \"PCx\": 0.0,\r\n      \"PCy\": 0.0,\r\n      \"PDx\": 0.0,\r\n      \"PDy\": 0.0\r\n    },\r\n    \"ShapeElement\": {\r\n      \"_IDNUM_ShapeBaseShape\": 11,\r\n      \"Mold\": [\r\n        {\r\n          \"IDNUM\": 1,\r\n          \"_IDNUM_ShapeMold1\": 11,\r\n          \"Col\": 0,\r\n          \"Shape\": 0,\r\n          \"Dx\": 1.6,\r\n          \"Dy\": 0.8,\r\n          \"Cx\": 0.0,\r\n          \"Cy\": 0.0\r\n        }\r\n      ],\r\n      \"LeadGroup\": [\r\n        {\r\n          \"IDNUM\": 1,\r\n          \"_IDNUM_ShapeLeadGroup1\": 21,\r\n          \"LType\": 1,\r\n          \"LSect\": 1,\r\n          \"N\": 1,\r\n          \"P\": 0.0,\r\n          \"W\": 0.8,\r\n          \"L\": 0.32,\r\n          \"T\": 0.0,\r\n          \"Cx\": 0.8,\r\n          \"Cy\": 0.0,\r\n          \"LeadWAllow\": {\r\n            \"_IDNUM_ShapeLeadWAllow\": 19,\r\n            \"Wm\": 0.0\r\n          },\r\n          \"LeadBendAllow\": {\r\n            \"_IDNUM_ShapeLeadBendAllow\": 19,\r\n            \"Pm\": 0.0\r\n          },\r\n          \"FloatAllow\": {\r\n            \"_IDNUM_ShapeFloatAllow\": 19,\r\n            \"F\": 0.0\r\n          },\r\n          \"RegistPosChk\": {\r\n            \"PosChk\": 0\r\n          }\r\n        },\r\n        {\r\n          \"IDNUM\": 2,\r\n          \"_IDNUM_ShapeLeadGroup2\": 22,\r\n          \"LType\": 1,\r\n          \"LSect\": 1,\r\n          \"N\": 1,\r\n          \"P\": 0.0,\r\n          \"W\": 0.8,\r\n          \"L\": 0.32,\r\n          \"T\": 180.0,\r\n          \"Cx\": -0.8,\r\n          \"Cy\": 0.0,\r\n          \"LeadWAllow\": {\r\n            \"_IDNUM_ShapeLeadWAllow\": 20,\r\n            \"Wm\": 0.0\r\n          },\r\n          \"LeadBendAllow\": {\r\n            \"_IDNUM_ShapeLeadBendAllow\": 20,\r\n            \"Pm\": 0.0\r\n          },\r\n          \"FloatAllow\": {\r\n            \"_IDNUM_ShapeFloatAllow\": 20,\r\n            \"F\": 0.0\r\n          },\r\n          \"RegistPosChk\": {\r\n            \"PosChk\": 0\r\n          }\r\n        }\r\n      ]\r\n    }\r\n  },\r\n  \"Recog\": {\r\n    \"ShapeChk\": {\r\n      \"_IDNUM_ShapeBaseChk\": 11\r\n    }\r\n  },\r\n  \"Supply\": {\r\n    \"Feeder\": {\r\n      \"PACK\": 0,\r\n      \"NR\": 5000,\r\n      \"REELTYPECHG\": 0,\r\n      \"FEEDLENCHG\": 0,\r\n      \"SSIZE\": 0,\r\n      \"AdhCoverTape\": 0,\r\n      \"FeederTypes\": [\r\n        302162,\r\n        302482,\r\n        337562,\r\n        338362,\r\n        350962,\r\n        360092,\r\n        361092\r\n      ],\r\n      \"TapeEnd\": 0\r\n    }\r\n  },\r\n  \"SMT\": {\r\n    \"Nozzle\": [\r\n      \"235\"\r\n    ],\r\n    \"Recognition\": {\r\n      \"Camera\": 0,\r\n      \"RCGSP\": 0,\r\n      \"RZ\": 0.0,\r\n      \"LampMode\": 2,\r\n      \"NPMLMP\": 0,\r\n      \"MRECA\": 0,\r\n      \"ScanCount\": 0,\r\n      \"RcgTime\": 0.0,\r\n      \"IdealRcgTime\": 0.0,\r\n      \"TMFLAG\": 1,\r\n      \"TMTIMING\": 0,\r\n      \"HMAX\": 0.2,\r\n      \"HMIN\": -0.2,\r\n      \"LMP\": {\r\n        \"Shadow\": 0,\r\n        \"Direct\": 0,\r\n        \"BGA\": 0,\r\n        \"PIP\": 0,\r\n        \"Coaxial\": 0\r\n      },\r\n      \"LMP2\": {\r\n        \"Shadow\": 0,\r\n        \"Direct\": 0,\r\n        \"BGA\": 0,\r\n        \"PIP\": 0,\r\n        \"Coaxial\": 0,\r\n        \"Medium\": 0\r\n      }\r\n    },\r\n    \"PickUp\": {\r\n      \"TUPX\": 0.0,\r\n      \"TUPY\": 0.0,\r\n      \"TUPZ\": 0.0,\r\n      \"A\": 0.0,\r\n      \"TSPD\": 100,\r\n      \"TUPT\": 3,\r\n      \"TGAP\": 0.0,\r\n      \"VSEL\": 1,\r\n      \"VSEL2\": 1,\r\n      \"STEPTUP\": 0,\r\n      \"STEPTUPSTR\": 0.0,\r\n      \"STEPTUPUP\": 0,\r\n      \"STEPTUPUPSTR\": 0.0,\r\n      \"TkupTeach\": 1,\r\n      \"TkupTeach2\": 0,\r\n      \"TkupLearn\": 0,\r\n      \"TkupTol\": 0.0,\r\n      \"HMFLAG\": 1,\r\n      \"HMFLAG2\": 0,\r\n      \"HSensorHMFLAG\": 0,\r\n      \"HMGAP\": 0.0,\r\n      \"NoSimTkup\": 0,\r\n      \"AdTkupBfrInspect\": 0,\r\n      \"SingleTkupPerTurn\": 0\r\n    },\r\n    \"Mount\": {\r\n      \"MSPD\": 100,\r\n      \"MSPDR\": 0,\r\n      \"MNTT\": 3,\r\n      \"MGAP\": 0.3,\r\n      \"VSMC\": 0,\r\n      \"VSMC2\": 0,\r\n      \"LOAD\": 2.5,\r\n      \"VhsHeadLOAD\": 0,\r\n      \"STEPMNT\": 0,\r\n      \"STEPMNTSTR\": 0.0,\r\n      \"STEPMNTSPD\": 0,\r\n      \"STEPMNTUP\": 0,\r\n      \"STEPMNTUPSTR\": 0.0,\r\n      \"STEPMNTUPSPD\": 0,\r\n      \"BlowTimeSetting\": 0,\r\n      \"BlowTime\": 20,\r\n      \"ThDMntGap\": 0.0,\r\n      \"MNTNUMMNG\": 0,\r\n      \"WaitBeforeMnt\": 0,\r\n      \"RankEmptyMargin\": 50,\r\n      \"BfrMntInspect\": 0,\r\n      \"HdInsDet\": 0,\r\n      \"LMax\": 1.0\r\n    },\r\n    \"Retry\": {\r\n      \"RETRY\": 3,\r\n      \"RETRYCOUNT\": 2,\r\n      \"RETRYCOUNT2\": 1,\r\n      \"ESTOP\": 3,\r\n      \"ESTOPCOUNT\": 2\r\n    },\r\n    \"Reject\": {\r\n      \"ThrowAway\": 0,\r\n      \"SZ\": 0.0\r\n    },\r\n    \"Tape\": {\r\n      \"FS\": 3,\r\n      \"PreSend\": 0,\r\n      \"SpliceFlag\": 0,\r\n      \"SpliceLength\": 0,\r\n      \"SpliceDetectRemain\": 0.0,\r\n      \"JointChkRemain\": 0.0,\r\n      \"JointUnpassedRemain\": 0.0,\r\n      \"SFeedLength\": 0,\r\n      \"SplicePosAction\": 0,\r\n      \"FEEDLIMIT\": 0\r\n    },\r\n    \"FLUX\": {\r\n      \"Flux\": 0,\r\n      \"FLUXR\": 0,\r\n      \"Fluxload\": 2.5,\r\n      \"STZ\": 0.0,\r\n      \"SQGAP\": 0.0,\r\n      \"STTIME\": 150,\r\n      \"STSPD\": 100\r\n    }\r\n  },\r\n  \"Created\": \"2024-09-26T14:52:58.777\",\r\n  \"Updated\": \"2024-10-05T00:03:46.1103827+08:00\"\r\n}",
  "IDNUM": 90,
  "NAME": "R0603",
  "C": "",
  "SupplyType": "P0804_S",
  "ChipL": 1.6,
  "ChipW": 0.8,
  "ChipH": 0.45,
  "NozzleList": "235",
  "LNAME": "Default",
  "Teach": 2,
  "PhysicalClass": 1,
  "FunctionClass": 1,
  "LampMode": 2,
  "TSPD": 100,
  "MSPD": 100,
  "TUPT": 3,
  "MNTT": 3,
  "Camera": 0,
  "RCGSP": 0,
  "RZ": 0,
  "ScanCount": 0,
  "MRECA": false,
  "TGAP": 0,
  "MGAP": 0.3,
  "HMFLAG": true,
  "HSensorHMFLAG": false,
  "ThDMntGap": 0,
  "A": 0,
  "NoSimTkup": false,
  "STEPTUP": false,
  "STEPTUPUP": false,
  "TkupLearn": false,
  "TkupTol": 0,
  "AdTkupBfrInspect": false,
  "LOAD": 2.5,
  "STEPMNT": false,
  "STEPMNTUP": false,
  "ThrowAway": 0,
  "RankEmptyMargin": 50,
  "ESTOP": 3,
  "RETRYCOUNT": 2,
  "RETRYCOUNT2": 1,
  "ESTOPCOUNT": 2,
  "TMFLAG": true,
  "HMAX": 0.2,
  "HMIN": -0.2,
  "TMTIMING": false,
  "PreSend": false,
  "TkupTeach": true,
  "FS": 3,
  "SplicePosAction": 0,
  "SZ": 0,
  "RSP": null,
  "HSP": null,
  "RECOG": null,
  "Flux": false,
  "STZ": 0,
  "SQGAP": 0,
  "STSPD": 100,
  "STTIME": 150,
  "FLUXR": 0,
  "Check": null,
  "SFeedLength": 0,
  "WaitBeforeMnt": 0,
  "VhsHeadLOAD": 0,
  "VSMC": false,
  "HasSupplyType": true,
  "HasInsertion": false,
  "HasInspection": false,
  "HasLCR": "0",
  "HasPartsBarcode": false,
  "Proved": false,
  "C2": "",
  "IsDefined": true,
  "HMFLAG2": false,
  "TUPX": 0,
  "TUPY": 0,
  "TUPZ": 0,
  "TkupTeach2": false,
  "Created": "\/Date(1727333578777)\/",
  "Updated": "\/Date(1728057826110)\/",
  "NPI": false,
  "FeederConfigID": 302162,
  "NoPolarity": true,
  "RETRY": 3,
  "BrightnessCheckCount": 0,
  "RotationCheck": "0.000,0.000",
  "HasDispense": false,
  "CenterPositionCheck": "0.000, 0.000, 0.000, 0.000",
  "LabelList": "",
  "F": "0.000,0.000,0.000,0.000",
  "TapeKind": "纸",
  "TapeWidth": "8",
  "FeederPitch": "4",
  "ReelSize": "小(180mm)",
  "HasCMDT": "0",
  "BrightnessCheck": 0,
  "BrightnessCheckWindow": "",
  "SupplyID": 0,
  "Group": null,
  "MPN": "",
  "MFR": "",
  "HasNPMDispense": false,
  "HasSPDispense": false,
  "DownloadedState": null,
  "HasPRU": null,
  "CadSystem1Rotation": null,
  "CadSystem2Rotation": null,
  "CadSystem3Rotation": null,
  "CadSystem4Rotation": null,
  "CadSystem1Status": null,
  "CadSystem2Status": null,
  "CadSystem3Status": null,
  "CadSystem4Status": null,
  "Fluxload": 2.5,
  "VSEL": true,
  "CalcPickUpOffset": "0.000, 0.000, 0.000",
  "NR": "5000",
  "SupplyDirection": 0,
  "REF": null,
  "CalcLMPOffset": "0, 0, 0, 0",
  "SupplyKind": 0,
  "HasWafer": false,
  "CalcHMGAP": "0.000",
  "IsSupplyIncomplete": false,
  "LineName": null,
  "PPDDownloaded": null
}